<?xml version="1.0" encoding="UTF-8"?>
<project-private xmlns="http://www.netbeans.org/ns/project-private/1">
    <editor-bookmarks xmlns="http://www.netbeans.org/ns/editor-bookmarks/2" lastBookmarkId="0"/>
    <open-files xmlns="http://www.netbeans.org/ns/projectui-open-files/2">
        <group>
            <file>file:/C:/Users/ghasb/OneDrive/Desktop/Lab%20Progra%201/Ex2P1_GerardoHasbum/src/ex2p1_gerardohasbum/Ex2P1_GerardoHasbum.java</file>
            <file>file:/C:/Users/ghasb/OneDrive/Desktop/Lab%20Progra%201/Ex2P1_GerardoHasbum/src/ex2p1_gerardohasbum/Personajes.java</file>
            <file>file:/C:/Users/ghasb/OneDrive/Desktop/Lab%20Progra%201/Ex2P1_GerardoHasbum/src/ex2p1_gerardohasbum/Items.java</file>
        </group>
    </open-files>
</project-private>
